{
    "accuracy": 0.8439194422927963,
    "f1_Score": 0.8455346876197777,
    "recall_Score": 0.8583657587548638
}